item_id,order_id,product_id,quantity,unit_price,item_total,created_at
1,1,1,1,149.99,149.99,2026-02-15 10:30:00
2,1,2,1,89.50,89.50,2026-02-15 10:30:00
3,2,3,1,299.00,299.00,2026-02-16 11:45:00
4,3,4,1,79.95,79.95,2026-02-18 14:15:00
5,3,9,2,24.99,49.98,2026-02-18 14:15:00
6,4,1,1,149.99,149.99,2026-02-20 16:00:00
7,4,7,1,85.00,85.00,2026-02-20 16:00:00
8,5,8,1,199.50,199.50,2026-02-22 09:10:00
9,6,2,1,89.50,89.50,2026-02-25 15:30:00
10,7,5,1,129.00,129.00,2026-03-01 12:00:00
11,8,6,1,65.00,65.00,2026-03-05 13:40:00
12,8,8,1,199.50,199.50,2026-03-05 13:40:00
13,9,10,1,185.00,185.00,2026-03-10 10:20:00
14,10,2,1,89.50,89.50,2026-03-15 16:50:00
15,10,3,1,299.00,299.00,2026-03-15 16:50:00
