order_id,order_number,customer_id,order_date,status,subtotal,tax_amount,shipping_fee,total_amount,payment_method,created_at
1,ORD-2026-0001,1,2026-02-15 10:30:00,DELIVERED,239.49,19.16,10.00,268.65,Credit Card,2026-02-15 10:30:00
2,ORD-2026-0002,2,2026-02-16 11:45:00,DELIVERED,299.00,23.92,15.00,337.92,Debit Card,2026-02-16 11:45:00
3,ORD-2026-0003,3,2026-02-18 14:15:00,SHIPPED,129.93,10.39,10.00,150.32,Credit Card,2026-02-18 14:15:00
4,ORD-2026-0004,4,2026-02-20 16:00:00,CONFIRMED,234.99,18.80,10.00,263.79,PayPal,2026-02-20 16:00:00
5,ORD-2026-0005,5,2026-02-22 09:10:00,PENDING,199.50,15.96,15.00,230.46,Credit Card,2026-02-22 09:10:00
6,ORD-2026-0006,1,2026-02-25 15:30:00,DELIVERED,89.50,7.16,5.00,101.66,Credit Card,2026-02-25 15:30:00
7,ORD-2026-0007,6,2026-03-01 12:00:00,CANCELLED,129.00,10.32,10.00,149.32,Credit Card,2026-03-01 12:00:00
8,ORD-2026-0008,7,2026-03-05 13:40:00,DELIVERED,264.50,21.16,15.00,300.66,Debit Card,2026-03-05 13:40:00
9,ORD-2026-0009,8,2026-03-10 10:20:00,SHIPPED,185.00,14.80,15.00,214.80,PayPal,2026-03-10 10:20:00
10,ORD-2026-0010,3,2026-03-15 16:50:00,CONFIRMED,388.50,31.08,20.00,439.58,Credit Card,2026-03-15 16:50:00
