product_id,sku,product_name,category,unit_price,stock_quantity,created_at
1,SKU-ELEC-1001,Noise Cancelling Headphones,Electronics,149.99,50,2026-01-01 00:00:00
2,SKU-ELEC-1002,Wireless Mechanical Keyboard,Electronics,89.50,80,2026-01-01 00:00:00
3,SKU-ELEC-1003,Ultra HD Monitor 27-inch,Electronics,299.00,30,2026-01-01 00:00:00
4,SKU-HOME-2001,Stainless Steel Coffee Maker,Home & Kitchen,79.95,45,2026-01-01 00:00:00
5,SKU-HOME-2002,Non-Stick Ceramic Cookware Set,Home & Kitchen,129.00,40,2026-01-01 00:00:00
6,SKU-APPR-3001,Classic Denim Jacket,Apparel,65.00,100,2026-01-01 00:00:00
7,SKU-APPR-3002,Breathable Running Shoes,Apparel,85.00,60,2026-01-01 00:00:00
8,SKU-SPRT-4001,Adjustable Dumbbell Set,Sports & Outdoors,199.50,25,2026-01-01 00:00:00
9,SKU-SPRT-4002,Insulated Water Bottle 32oz,Sports & Outdoors,24.99,150,2026-01-01 00:00:00
10,SKU-HOME-2003,Ergonomic Desk Chair,Home & Kitchen,185.00,35,2026-01-01 00:00:00
